District,enrollment25,perc_frp25,math19,reading19,math22,reading22,math25,reading25,math_perc_pt_19_25,reading_perc_pt_19_25,filter_helper,color_by,large_district
Watertown-Mayer Public School Dist.,1440,26.25%,63.01,64.35,48.54,56.38,62.38,61.94,-0.63,-2.41,-0.0063,0,0
Pierz Public School District,1214,27.51%,63.73,60.78,55.38,51.69,65.35,64.19,1.62,3.41,0.0341,1,0
Cloquet Public School District,2529,42.39%,58.91,67.23,39.41,54,48.19,53.08,-10.72,-14.15,-0.1072,0,0
Fridley Public School District,2712,69.84%,37.84,44.25,21.51,32.5,30.18,33.82,-7.66,-10.43,-0.0766,0,0
Proctor Public School District,1848,34.09%,58.95,59.71,43.36,48.13,51.74,54.85,-7.21,-4.86,-0.0486,0,0
Belle Plaine Public School District,1522,25.82%,54.6,63.16,45.45,54.42,52.85,50.97,-1.75,-12.19,-0.0175,0,0
Edina Public School District,8794,16.69%,76.52,77.47,67.02,73.19,72.48,76.13,-4.04,-1.34,-0.0134,0,0
St. Francis Area Schools,4281,31.53%,56.99,60.81,39.01,49.71,45.7,52.66,-11.29,-8.15,-0.0815,0,0
Westonka Public School District,2442,18.14%,78.67,77.55,68.8,73.16,74.69,77.31,-3.98,-0.24,-0.0024,0,0
St. Paul Public School District,33041,66.29%,32.12,39.53,25.21,34.75,26.55,34.82,-5.57,-4.71,-0.0471,0,1
Eastern Carver County Public School,9274,18.96%,54.46,57.89,51.03,50.5,56.33,50.64,1.87,-7.25,0.0062,1,0
New Ulm Public School District,2127,32.82%,12.37,21.05,5.26,17.65,15.22,18.75,2.85,-2.3,0.0187,1,0
Orono Public School District,2987,8.97%,75.64,78.92,68.18,73.15,73.39,72.15,-2.25,-6.77,-0.0225,0,0
Hermantown Public School District,2118,16.53%,69.71,70.86,55.03,59.8,60.17,58.9,-9.54,-11.96,-0.0954,0,0
South St. Paul Public School Dist.,2861,61.38%,39.36,44.89,23.51,36.61,28.63,39.85,-10.73,-5.04,-0.0504,0,0
Pequot Lakes Public Schools,1737,33.05%,63.77,70.37,44.36,60.48,48.87,60.84,-14.9,-9.53,-0.0953,0,0
St. Louis Park Public School Dist.,4446,36.30%,53.2,59.07,43.46,48.06,47.76,53.3,-5.44,-5.77,-0.0544,0,0
Detroit Lakes Public School Dist.,2728,37.06%,55.39,61.05,44.76,54.11,48.41,51.69,-6.98,-9.36,-0.0698,0,0
Bagley Public School District,870,57.47%,45.54,49.82,23.63,30,27.23,29.58,-18.31,-20.24,-0.1831,0,0
Aitkin Public School District,989,44.29%,56.65,57.84,56.26,52.14,59.79,54.78,3.14,-3.06,0.0314,1,0
Sauk Centre Public School District,1104,35.96%,59.93,62.87,39.34,40.65,42.78,42.05,-17.15,-20.82,-0.1715,0,0
Le Sueur-Henderson School District,908,37.67%,46.32,59.67,45.54,52.62,48.15,50,1.83,-9.67,0.059,1,0
Waseca Public School District,1752,44.69%,47.14,54.92,36.67,43.57,39.84,46.91,-7.3,-8.01,-0.073,0,0
Waconia Public School District,3984,12.40%,70.44,70.52,61.69,63.26,64.76,62.85,-5.68,-7.67,-0.0568,0,0
Little Falls Public School District,2424,42.04%,42.26,48.11,33.45,37.52,36.33,41.53,-5.93,-6.58,-0.0593,0,0
Princeton Public School District,3291,34.24%,59.78,63.47,43.41,50.83,46.16,48.77,-13.62,-14.7,-0.1362,0,0
Minneapolis Public School District,29928,56.44%,42.24,46.88,33.15,42.43,35.79,40.79,-6.45,-6.09,-0.0609,0,1
Pillager Public School District,1324,37.39%,52.81,52.33,51.02,50,57.47,58.23,4.66,5.9,0.0183,1,0
Centennial Public School District,6851,25.57%,71.55,68.79,63.6,61.78,60.41,62.08,-11.14,-6.71,-0.0671,0,0
Foley Public School District,1921,27.33%,68.31,69.3,54.04,57.38,56.57,56.97,-11.74,-12.33,-0.1174,0,0
Duluth Public School District,8723,39.33%,55.22,62.59,46.04,56.59,45.11,55.73,-10.11,-6.86,-0.0686,0,0
Minnetonka Public School District,11323,10.96%,79.24,81.51,72.57,73.25,74.68,74.6,-4.56,-6.91,-0.0456,0,1
Stewartville Public School District,1976,23.58%,59.7,61.57,46.47,49.59,48.76,51.57,-10.94,-10,-0.1,0,0
Rosemount-Apple Valley-Eagan,29224,29.47%,63.88,65.27,51.95,56.98,53.27,56.75,-10.61,-8.52,-0.0852,0,1
West St. Paul-Mendota Hts.-Eagan,5452,46.70%,55.02,59.89,41.65,53.75,43.31,53.42,-11.71,-6.47,-0.0647,0,0
Inver Grove Heights Schools,3427,49.26%,47.55,51.63,32.55,42.17,32.57,38.02,-14.98,-13.61,-0.1361,0,0
Stillwater Area Public School Dist.,8455,20.28%,63.94,68.29,56.39,58.69,58.25,60.96,-5.69,-7.33,-0.0569,0,0
Kasson-Mantorville School District,2152,22.12%,62.67,66.61,58.53,59.44,58.69,62.89,-3.98,-3.72,-0.0372,0,0
Owatonna Public School District,4890,42.43%,49.5,54.08,42.22,47.26,44.67,46.53,-4.83,-7.55,-0.0483,0,0
Cannon Falls Public School District,1055,23.51%,60.19,62.71,48.85,53.88,50.86,54.61,-9.33,-8.1,-0.081,0,0
Morris Area Public Schools,1092,27.01%,65.83,60.56,54.98,55.65,56.93,56.75,-8.9,-3.81,-0.0381,0,0
Richfield Public School District,4094,53.69%,37.44,43.62,28.71,34.86,30.65,37.47,-6.79,-6.15,-0.0615,0,0
Mahtomedi Public School District,3285,12.72%,76.65,78.56,69.11,68.76,71.02,68.72,-5.63,-9.84,-0.0563,0,0
Robbinsdale Public School District,10810,58.26%,35.23,48.82,25.48,42.91,26.14,41.19,-9.09,-7.63,-0.0763,0,1
Rochester Public School District,17171,38.74%,49.79,55.49,39.83,49.47,41.66,47.78,-8.13,-7.71,-0.0771,0,1
Osseo Public School District,21138,43.87%,49.33,55.05,41.67,49.54,42.97,47.04,-6.36,-8.01,-0.0636,0,1
Luverne Public School District,1142,31.87%,69.54,60.96,62.27,61.17,63.8,57.26,-5.74,-3.7,-0.037,0,0
Grand Rapids Public School District,3972,42.70%,53.42,61.69,45.86,53.91,47.22,55.89,-6.2,-5.8,-0.058,0,0
Bemidji Public School District,4722,42.48%,51.65,55.35,45.87,49.65,45.65,47.17,-6,-8.18,-0.06,0,0
Moorhead Public School District,7571,47.23%,47.15,52.51,41.91,45,40.34,44.14,-6.81,-8.37,-0.0681,0,0
Cass Lake-Bena Public Schools,1119,80.52%,26.27,35.31,14.65,22.42,15.95,20.5,-10.32,-14.81,-0.1032,0,0
Wayzata Public School District,12951,17.23%,79.12,80.69,77.78,76.96,72.33,72.13,-6.79,-8.56,-0.0679,0,1
Red Lake Public School District,1519,81.44%,16.58,23.23,2.47,10.52,3.47,10.29,-13.11,-12.94,-0.1294,0,0
St. Anthony-New Brighton Schools,1891,29.35%,70.77,67.49,48.24,57.78,48.57,58.48,-22.2,-9.01,-0.0901,0,0
Marshall Public School District,2664,53.49%,59.48,58.96,46.02,46.52,47,45.19,-12.48,-13.77,-0.1248,0,0
Dassel-Cokato Public School Dist.,2020,28.91%,70.53,72.82,63.29,68.3,64.25,64.11,-6.28,-8.71,-0.0628,0,0
Brooklyn Center School District,2174,77.78%,13.83,22.44,4.47,17.08,5.37,13.61,-8.46,-8.83,-0.0846,0,0
Eden Prairie Public School District,9292,30.14%,68.77,73.49,59.26,67.98,58.71,64.8,-10.06,-8.69,-0.0869,0,0
Northfield Public School District,3849,29.12%,65.98,68.42,59.23,59.47,59.86,62.12,-6.12,-6.3,-0.0612,0,0
LA CRESCENT-HOKAH,998,23.25%,47.08,55.33,35.81,45.98,36.78,50.76,-10.3,-4.57,-0.0457,0,0
Annandale Public School District,2006,26.12%,65.49,67.03,59.66,61.68,60.04,60.33,-5.45,-6.7,-0.0545,0,0
Park Rapids Public School District,1589,48.21%,45.71,51.41,38.26,41,38.61,40.86,-7.1,-10.55,-0.071,0,0
Mankato Public School District,8219,37.68%,59.17,64.2,48.38,55.23,54.98,54.42,-4.19,-9.78,-0.0419,0,0
Byron Public School District,2342,15.71%,74.3,76.32,64.23,65.59,64.42,68.46,-9.88,-7.86,-0.0786,0,0
New London-Spicer School District,1518,23.91%,63.87,69.28,56.96,62.27,53.44,58.61,-10.43,-10.67,-0.1043,0,0
Alexandria Public School District,4034,28.31%,65.49,65.69,54.42,53.79,54.56,54.04,-10.93,-11.65,-0.1093,0,0
International Falls School District,914,43.33%,54.34,62.92,42.52,53.23,31.91,47.3,-22.43,-15.62,-0.1562,0,0
St. Cloud Public School District,9940,64.90%,36.23,43.7,28.01,38.34,24.81,33.71,-11.42,-9.99,-0.0999,0,0
Worthington Public School District,4064,63.44%,35.63,44.61,27.23,36.04,27.21,32.56,-8.42,-12.05,-0.0842,0,0
Big Lake Public School District,3190,33.45%,62.96,63.13,48.53,53.95,48.36,50.06,-14.6,-13.07,-0.1307,0,0
Hopkins Public School District,7129,37.35%,54.48,59.48,41.81,51.94,38,48.66,-16.48,-10.82,-0.1082,0,0
Houston Public School District,1934,52.02%,40.65,58.07,32.88,50.91,32.56,49.74,-8.09,-8.33,-0.0809,0,0
Albany Public School District,1744,18.58%,71.44,68.55,59.21,55.95,58.83,57.85,-12.61,-10.7,-0.107,0,0
Perham-Dent Public School District,1671,34.71%,59.08,61.98,46.78,56.7,46.34,54.58,-12.74,-7.4,-0.074,0,0
Mora Public School District,1656,40.58%,58.86,66.06,51.88,61.3,51.44,61.14,-7.42,-4.92,-0.0492,0,0
Roseville Public School District,7256,48.64%,49.07,56.35,37.45,50.04,37.78,45.45,-11.29,-10.9,-0.109,0,0
Mounds View Public School District,11934,33.44%,66.91,67.58,54.61,59.84,55.82,56.49,-11.09,-11.09,-0.1109,0,1
Blue Earth Area Public School,1064,51.79%,47.74,54.06,33.96,42.75,33.27,44.64,-14.47,-9.42,-0.0942,0,0
Crookston Public School District,1140,55.53%,56.16,55.86,42.1,44.96,41.4,49.33,-14.76,-6.53,-0.0653,0,0
Lake Superior Public School Dist.,1286,33.59%,57.62,61.62,35.31,44.13,34.56,43.11,-23.06,-18.51,-0.1851,0,0
Melrose Public School District,1313,40.52%,59.1,54.61,48.46,48.2,47.66,46.52,-11.44,-8.09,-0.0809,0,0
Holdingford Public School District,1098,29.51%,71.27,67.07,54.3,60.96,53.42,50.94,-17.85,-16.13,-0.1613,0,0
Forest Lake Public School District,5776,27.13%,60.13,61.04,47.46,50.64,49.61,49.8,-10.52,-11.24,-0.1052,0,0
Willmar Public School District,4218,64.84%,48.2,46.66,40.64,36.1,39.61,35.63,-8.59,-11.03,-0.0859,0,0
Thief River Falls School District,1725,39.42%,58.36,60.45,40.97,47.93,39.92,44.76,-18.44,-15.69,-0.1569,0,0
Dover-Eyota Public School District,1057,18.92%,65.29,63.41,49.05,52.71,48,51.18,-17.29,-12.23,-0.1223,0,0
Hutchinson Public School District,2722,32.73%,65.64,66.27,56.11,57.57,55.06,54.78,-10.58,-11.49,-0.1058,0,0
Fergus Falls Public School District,3235,40.96%,58.98,65,54.19,59.66,52.91,58.67,-6.07,-6.33,-0.0607,0,0
East Grand Forks Public School Dist,2005,33.72%,51.6,53.87,44.39,52.06,43.1,46.37,-8.5,-7.5,-0.075,0,0
Lake City Public School District,1189,32.72%,54.79,56.03,46.78,47.45,45.44,46.99,-9.35,-9.04,-0.0904,0,0
Austin Public School District,5385,59.07%,37.09,43.56,27.45,35.5,24.08,32.12,-13.01,-11.44,-0.1144,0,0
White Bear Lake School District,8571,30.43%,62.67,65.07,48.25,55.22,48.75,52.7,-13.92,-12.37,-0.1237,0,0
Bloomington Public School District,10442,47.53%,46.99,53.48,36.6,48.58,38.3,41.75,-8.69,-11.73,-0.0869,0,1
Shakopee Public School District,7717,39.03%,58.54,62.33,46.51,55.19,41.5,50.5,-17.04,-11.83,-0.1183,0,0
St. Peter Public School District,2107,38.21%,59.2,59.06,51.56,50.97,49.66,56.17,-9.54,-2.89,-0.0289,0,0
Winona Area Public School District,2465,44.95%,48.57,49.16,36.12,41.45,34.12,38.53,-14.45,-10.63,-0.1063,0,0
Columbia Heights Public School Dist,3516,76.59%,26.02,35.09,15.94,26.08,13.79,21.81,-12.23,-13.28,-0.1223,0,0
Esko Public School District,1287,13.52%,75.77,80.72,66.77,70.75,64.33,66.42,-11.44,-14.3,-0.1144,0,0
North Branch Public Schools,2704,29.47%,51.24,55.35,40.9,50.89,38.41,44.08,-12.83,-11.27,-0.1127,0,0
Crosby-Ironton Public School Dist.,988,43.72%,45.63,64.26,45.69,57.7,43.14,49.01,-2.49,-15.25,-0.0249,0,0
Greenway Public School District,970,52.27%,50.37,61.21,45.74,44.34,43.16,44.08,-7.21,-17.13,-0.0721,0,0
Becker Public School District,2877,20.44%,66.22,64.88,54.64,58.46,51.89,52.65,-14.33,-12.23,-0.1223,0,0
Rockford Public School District,1565,29.78%,63.13,67.98,42.35,53.07,39.51,51.31,-23.62,-16.67,-0.1667,0,0
Prior Lake-Savage Area Schools,8788,17.90%,71.61,68.43,60.1,61.75,57.58,59.63,-14.03,-8.8,-0.088,0,0
Red Wing Public School District,2225,35.46%,48.88,54.75,33.99,42.2,31.06,37.92,-17.82,-16.83,-0.1683,0,0
New Prague Area Schools,3980,17.59%,70.8,69.89,61.62,62.11,58.53,53.2,-12.27,-16.69,-0.1227,0,0
Hibbing Public School District,2232,47.45%,56.81,66.77,47.38,56,44.37,52.22,-12.44,-14.55,-0.1244,0,0
Elk River School District,14577,21.91%,71.28,70.13,59.05,59.54,60.89,60.37,-10.39,-9.76,-0.0976,0,1
Buffalo-Hanover-Montrose Public Sch,5175,27.13%,65.03,65.17,54.74,55.34,50.74,53.26,-14.29,-11.91,-0.1191,0,0
Burnsville Public School District,7663,56.92%,43.29,48.2,31.42,40.52,30.04,35.94,-13.25,-12.26,-0.1226,0,0
Warroad Public School District,1041,36.50%,49,66.67,42.78,55.78,39.48,49.17,-9.52,-17.5,-0.0952,0,0
Anoka-Hennepin Public School District,38354,38.56%,63.51,65.08,52.41,54.9,51.94,52.64,-11.57,-12.44,-0.1157,0,1
Pine City Public School District,1582,40.08%,48.81,55.74,43.24,48.14,39.7,42.61,-9.11,-13.13,-0.0911,0,0
Sartell-St. Stephen School District,3943,21.10%,75.28,72.1,61.17,65.53,64.53,61.82,-10.75,-10.28,-0.1028,0,0
Farmington Public School District,6458,25.44%,55.19,58.61,44.05,49.24,40.27,45.27,-14.92,-13.34,-0.1334,0,0
Lakeville Public School District,12025,21.06%,69.33,73.25,56.81,63.19,59.26,59.78,-10.07,-13.47,-0.1007,0,1
Pine Island Public School Dist.,1562,17.67%,66.85,68.99,56.07,56.93,52.23,56.47,-14.62,-12.52,-0.1252,0,0
North St Paul-Maplewood Oakdale Public School District,10754,64.03%,51.82,50.94,29.85,36.54,32.45,35.74,-19.37,-15.2,-0.152,0,1
Jordan Public School District,1877,26.80%,61.37,66.76,53.33,58.6,49.25,56.09,-12.12,-10.67,-0.1067,0,0
Litchfield Public School District,1566,39.78%,58.86,65.23,55.38,49.81,51.13,51.86,-7.73,-13.37,-0.0773,0,0
Cambridge-Isanti Public School Dist,5007,35.01%,59.23,62.21,45.9,50.06,45.99,46.86,-13.24,-15.35,-0.1324,0,0
South Washington County School Dist,19578,23.44%,64.92,67.99,51.35,56.71,51.84,54.46,-13.08,-13.53,-0.1308,0,1
Milaca Public School District,1639,45.27%,58.54,58.3,47.36,48.07,42.71,46.38,-15.83,-11.92,-0.1192,0,0
Rocori Public School District,2406,28.80%,61.63,65.09,52.8,52.76,48.12,47.13,-13.51,-17.96,-0.1351,0,0
Spring Lake Park Public Schools,6113,45.44%,46.83,56.59,37.68,45.05,36.18,40.67,-10.65,-15.92,-0.1065,0,0
Roseau Public School District,1101,28.16%,60.74,64.61,43.5,52.08,38.26,46.87,-22.48,-17.74,-0.1774,0,0
Hastings Public School District,4041,28.51%,68,65.54,48.61,52.08,43.18,49.17,-24.82,-16.37,-0.1637,0,0
Brainerd Public School District,6079,40.19%,62.21,67.87,50.17,55.77,45.64,51.48,-16.57,-16.39,-0.1639,0,0
St. James Public School District,1143,56.61%,56.4,57.25,42.33,44.3,36.59,39.31,-19.81,-17.94,-0.1794,0,0
Delano Public School District,2457,12.33%,78.36,79.18,73.41,74.3,67.57,71.12,-10.79,-8.06,-0.0806,0,0
St. Michael-Albertville School Dist,6795,18.63%,75.35,76.18,63.12,63.7,59.96,60.75,-15.39,-15.43,-0.1539,0,0
Menahga Public School District,987,51.27%,51.6,57.46,46.08,48.75,40.07,46.08,-11.53,-11.38,-0.1138,0,0
Faribault Public School District,3106,68.54%,34.67,41.57,19.82,32.71,13.72,29.75,-20.95,-11.82,-0.1182,0,0
Triton School District,889,37.12%,49.64,50.18,42.46,42.12,49.18,42.38,-0.46,-7.8,-0.0046,0,0
St. Louis County School District,1914,42.37%,41.23,55.27,31.77,46.1,29.48,42.79,-11.75,-12.48,-0.1175,0,0
Chisago Lakes School District,3317,21.95%,62.83,65.6,51.23,56.27,56.64,56.13,-6.19,-9.47,-0.0619,0,0
Minnewaska School District,1324,29.61%,62.84,62.07,55.86,55.29,61.57,57.81,-1.27,-4.26,-0.0127,0,0
Wadena-Deer Creek School District,1079,45.04%,47.93,56.08,33.02,45.66,38.59,40.18,-9.34,-15.9,-0.0934,0,0
Dilworth-Glyndon-Felton,1535,31.27%,57.49,62.08,47.25,53.08,43.17,50.18,-14.32,-11.9,-0.119,0,0
Staples-Motley School District,901,48.50%,42.66,49.21,40.76,44.84,39.44,41.53,-3.22,-7.68,-0.0322,0,0
Monticello Public School District,4013,30.53%,66.67,67,59.39,58.33,52.6,52.89,-14.07,-14.11,-0.1407,0,0
Sibley East School District,1089,41.51%,44.48,51.09,36.8,43.85,40.68,48.09,-3.8,-3,-0.03,0,0
Windom Public School District,1187,48.86%,53.6,57.84,42.98,46.4,35.55,44.87,-18.05,-12.97,-0.1297,0,0
Howard Lake-Waverly-Winsted,1312,29.73%,53.44,60.79,40.42,49.46,33.18,47.77,-20.26,-13.02,-0.1302,0,0
Pipestone Area School District,1138,45.08%,41.07,55.44,39.89,48.13,28.09,39.22,-12.98,-16.22,-0.1298,0,0
Fairmont Area School District,1846,53.58%,57.63,58.47,41.19,48.65,35.37,41.59,-22.26,-16.88,-0.1688,0,0
Sauk Rapids-Rice Public Schools,4331,34.22%,53.79,57.19,43.16,53.49,35.62,46.64,-18.17,-10.55,-0.1055,0,0
Zumbrota-Mazeppa School District,1242,23.91%,67.03,65.86,59.62,54.82,66.67,59.34,-0.36,-6.52,-0.0036,0,0
Glencoe-Silver Lake School District,1390,34.82%,54.24,60.19,40.25,49.1,45.97,48.23,-8.27,-11.96,-0.0827,0,0
Montevideo Public School District,1372,54.23%,54.02,58.53,50.59,48.65,41.99,45.76,-12.03,-12.77,-0.1203,0,0
Jackson County Central School Dist.,1093,38.06%,55.2,55.45,43.02,45.35,48.08,46.69,-7.12,-8.76,-0.0712,0,0
Redwood Area School District,1113,43.04%,52.67,57.95,46.09,48.96,43.07,45.05,-9.6,-12.9,-0.096,0,0
Plainview-Elgin-Millville,1405,33.24%,67.81,67.4,56.62,57.89,53.09,53.9,-14.72,-13.5,-0.135,0,0
Tri-City United School District,1927,33.52%,49.53,57.38,42.81,44.79,41.49,47.13,-8.04,-10.25,-0.0804,0,0
Albert Lea Public School District,3335,57.96%,43.93,47.61,36.57,40.36,27.75,37.4,-16.18,-10.21,-0.1021,0,0
Minnesota (overall),"876,746",40.30%,53.85,58.29,41.72,48.63,42.61,47.58,-11.24,-10.71,-0.1021,0,1